PC_TIME_STAMP,REF_TIME,A1_Y_HEX,A1_Y
02:48:24:428,0.000,0xFFF9,-7
02:48:24:428,0.010,0xFFFB,-5
02:48:24:428,0.020,0xFFFE,-2
02:48:24:428,0.030,0xFFFA,-6
02:48:24:428,0.040,0xFFFA,-6
02:48:24:428,0.050,0xFFFB,-5
02:48:24:428,0.060,0xFFFA,-6
02:48:24:428,0.070,0x0001,1
02:48:24:428,0.080,0xFFFC,-4
02:48:24:428,0.090,0xFFFF,-1
02:48:24:428,0.100,0xFFFC,-4
02:48:24:428,0.110,0xFFFF,-1
02:48:24:428,0.120,0xFFF9,-7
02:48:24:428,0.130,0xFFFB,-5
02:48:24:428,0.140,0x0000,0
02:48:24:428,0.150,0xFFFB,-5
02:48:24:428,0.160,0x0002,2
02:48:24:428,0.170,0x0002,2
02:48:24:428,0.180,0xFFFA,-6
02:48:24:428,0.190,0xFFF7,-9
02:48:24:428,0.200,0xFFFB,-5
02:48:24:428,0.210,0x0000,0
02:48:24:428,0.220,0xFFFB,-5
02:48:24:428,0.230,0xFFFC,-4
02:48:24:428,0.240,0x0002,2
02:48:24:428,0.250,0xFFF8,-8
02:48:24:428,0.260,0xFFFF,-1
02:48:24:428,0.270,0xFFF6,-10
02:48:24:428,0.280,0x0002,2
02:48:24:428,0.290,0xFFFD,-3
02:48:24:428,0.300,0x0001,1
02:48:24:428,0.310,0xFFF8,-8
02:48:24:428,0.320,0x0002,2
02:48:24:428,0.330,0xFFF9,-7
02:48:24:428,0.340,0xFFF9,-7
02:48:24:428,0.350,0x0001,1
02:48:24:428,0.360,0xFFFE,-2
02:48:24:428,0.370,0xFFFA,-6
02:48:24:428,0.380,0xFFFC,-4
02:48:24:428,0.390,0xFFFF,-1
02:48:24:428,0.400,0xFFFB,-5
02:48:24:428,0.410,0xFFFF,-1
02:48:24:428,0.420,0xFFFB,-5
02:48:24:428,0.430,0x0000,0
02:48:24:428,0.440,0xFFFD,-3
02:48:24:428,0.450,0xFFFB,-5
02:48:24:428,0.460,0xFFFC,-4
02:48:24:428,0.470,0xFFFE,-2
02:48:24:428,0.480,0xFFFA,-6
02:48:24:428,0.490,0x0005,5
02:48:24:428,0.500,0x0002,2
02:48:24:428,0.510,0xFFF9,-7
02:48:24:428,0.520,0xFFFD,-3
02:48:24:428,0.530,0xFFFE,-2
02:48:24:428,0.540,0xFFFA,-6
02:48:24:428,0.550,0xFFFF,-1
02:48:24:428,0.560,0xFFFE,-2
02:48:24:428,0.570,0xFFFD,-3
02:48:24:428,0.580,0x0002,2
02:48:24:428,0.590,0xFFF8,-8
02:48:24:428,0.600,0xFFFC,-4
02:48:24:428,0.610,0x0001,1
02:48:24:428,0.620,0xFFFE,-2
02:48:24:428,0.630,0xFFFE,-2
02:48:24:428,0.640,0xFFFE,-2
02:48:24:428,0.650,0xFFF9,-7
02:48:24:428,0.660,0x0001,1
02:48:24:428,0.670,0xFFF9,-7
02:48:24:428,0.680,0x0002,2
02:48:24:428,0.690,0x0005,5
02:48:24:428,0.700,0xFFFE,-2
02:48:24:428,0.710,0xFFFE,-2
02:48:24:428,0.720,0xFFFD,-3
02:48:24:428,0.730,0xFFFC,-4
02:48:24:428,0.740,0xFFFB,-5
02:48:24:428,0.750,0x0000,0
02:48:24:428,0.760,0xFFFF,-1
02:48:24:428,0.770,0xFFFC,-4
02:48:24:428,0.780,0xFFFF,-1
02:48:24:428,0.790,0x0000,0
02:48:24:428,0.800,0xFFFA,-6
02:48:24:428,0.810,0xFFFB,-5
02:48:24:428,0.820,0xFFFA,-6
02:48:24:428,0.830,0xFFFA,-6
02:48:24:428,0.840,0xFFFD,-3
02:48:24:428,0.850,0xFFFA,-6
02:48:24:428,0.860,0xFFFF,-1
02:48:24:428,0.870,0xFFFA,-6
02:48:24:428,0.880,0x0002,2
02:48:24:428,0.890,0xFFFB,-5
02:48:24:428,0.900,0xFFFC,-4
02:48:24:428,0.910,0xFFFB,-5
02:48:24:428,0.920,0xFFFE,-2
02:48:24:428,0.930,0xFFFC,-4
02:48:24:428,0.940,0xFFFD,-3
02:48:24:428,0.950,0xFFFD,-3
02:48:24:428,0.960,0xFFFB,-5
02:48:24:428,0.970,0xFFFD,-3
02:48:24:428,0.980,0xFFFC,-4
02:48:24:428,0.990,0xFFFF,-1
02:48:24:428,1.000,0xFFF8,-8
02:48:24:428,1.010,0x0001,1
02:48:24:428,1.020,0xFFFA,-6
02:48:24:428,1.030,0x0005,5
02:48:24:428,1.040,0x0002,2
02:48:24:428,1.050,0x0000,0
02:48:24:428,1.060,0xFFFB,-5
02:48:24:428,1.070,0x0000,0
02:48:24:428,1.080,0xFFFD,-3
02:48:24:428,1.090,0x0006,6
02:48:24:428,1.100,0xFFFD,-3
02:48:24:428,1.110,0x0000,0
02:48:24:428,1.120,0x0001,1
02:48:24:428,1.130,0x0000,0
02:48:24:428,1.140,0x0001,1
02:48:24:428,1.150,0xFFF9,-7
02:48:24:428,1.160,0xFFFC,-4
02:48:24:428,1.170,0x0001,1
02:48:24:428,1.180,0x0002,2
02:48:24:428,1.190,0x0000,0
02:48:24:428,1.200,0x0000,0
02:48:24:428,1.210,0xFFFE,-2
02:48:24:428,1.220,0xFFFE,-2
02:48:24:428,1.230,0xFFFA,-6
02:48:24:428,1.240,0xFFFC,-4
02:48:24:428,1.250,0xFFFE,-2
02:48:24:428,1.260,0xFFFB,-5
02:48:24:428,1.270,0x0000,0
02:48:34:465,0.010,0xFFFE,-2
02:48:34:465,0.020,0xFFFD,-3
02:48:34:465,0.030,0x0003,3
02:48:34:465,0.040,0xFFFC,-4
02:48:34:465,0.050,0xFFFD,-3
02:48:34:465,0.060,0xFFF9,-7
02:48:34:465,0.070,0x0006,6
02:48:34:465,0.080,0xFFF9,-7
02:48:34:465,0.090,0xFFFC,-4
02:48:34:465,0.100,0xFFFD,-3
02:48:34:465,0.110,0xFFFB,-5
02:48:34:465,0.120,0xFFFA,-6
02:48:34:465,0.130,0xFFFF,-1
02:48:34:465,0.140,0xFFFD,-3
02:48:34:465,0.150,0xFFFC,-4
02:48:34:465,0.160,0x0007,7
02:48:34:465,0.170,0x0000,0
02:48:34:465,0.180,0xFFFF,-1
02:48:34:465,0.190,0xFFFA,-6
02:48:34:465,0.200,0x0003,3
02:48:34:465,0.210,0xFFF9,-7
02:48:34:465,0.220,0xFFFE,-2
02:48:34:465,0.230,0xFFF8,-8
02:48:34:465,0.240,0x0003,3
02:48:34:465,0.250,0xFFFE,-2
02:48:34:465,0.260,0xFFF7,-9
02:48:34:465,0.270,0x0006,6
02:48:34:465,0.280,0xFFFD,-3
02:48:34:465,0.290,0x0000,0
02:48:34:465,0.300,0x0000,0
02:48:34:465,0.310,0x0000,0
02:48:34:465,0.320,0x0001,1
02:48:34:465,0.330,0xFFFE,-2
02:48:34:465,0.340,0x0004,4
02:48:34:465,0.350,0xFFFC,-4
02:48:34:465,0.360,0xFFFC,-4
02:48:34:465,0.370,0xFFFD,-3
02:48:34:465,0.380,0xFFFD,-3
02:48:34:465,0.390,0xFFFD,-3
02:48:34:465,0.400,0xFFFB,-5
02:48:34:465,0.410,0x0004,4
02:48:34:465,0.420,0x0001,1
02:48:34:465,0.430,0xFFFF,-1
02:48:34:465,0.440,0xFFFC,-4
02:48:34:465,0.450,0xFFFF,-1
02:48:34:465,0.460,0xFFFD,-3
02:48:34:465,0.470,0x0000,0
02:48:34:465,0.480,0xFFFF,-1
02:48:34:465,0.490,0xFFFF,-1
02:48:34:465,0.500,0x0002,2
02:48:34:465,0.510,0xFFFD,-3
02:48:34:465,0.520,0xFFF5,-11
02:48:34:465,0.530,0xFFFE,-2
02:48:34:465,0.540,0xFFFF,-1
02:48:34:465,0.550,0x0002,2
02:48:34:465,0.560,0x0001,1
02:48:34:465,0.570,0xFFFA,-6
02:48:34:465,0.580,0x0001,1
02:48:34:465,0.590,0x0001,1
02:48:34:465,0.600,0xFFF8,-8
02:48:34:465,0.610,0x0007,7
02:48:34:465,0.620,0xFFFF,-1
02:48:34:465,0.630,0x0002,2
02:48:34:465,0.640,0xFFFD,-3
02:48:34:465,0.650,0x0000,0
02:48:34:465,0.660,0xFFFB,-5
02:48:34:465,0.670,0xFFFB,-5
02:48:34:465,0.680,0x0004,4
02:48:34:465,0.690,0x0006,6
02:48:34:465,0.700,0x0001,1
02:48:34:465,0.710,0x0003,3
02:48:34:465,0.720,0xFFFB,-5
02:48:34:465,0.730,0x0001,1
02:48:34:465,0.740,0xFFFC,-4
02:48:34:465,0.750,0xFFFB,-5
02:48:34:465,0.760,0x0000,0
02:48:34:465,0.770,0xFFFA,-6
02:48:34:465,0.780,0xFFFC,-4
02:48:34:465,0.790,0x0001,1
02:48:34:465,0.800,0xFFFC,-4
02:48:34:465,0.810,0x0000,0
02:48:34:465,0.820,0xFFFD,-3
02:48:34:465,0.830,0xFFF7,-9
02:48:34:465,0.840,0xFFFA,-6
02:48:34:465,0.850,0xFFFF,-1
02:48:34:465,0.860,0xFFFC,-4
02:48:34:465,0.870,0xFFFA,-6
02:48:34:465,0.880,0x0005,5
02:48:34:465,0.890,0x0003,3
02:48:34:465,0.900,0xFFF7,-9
02:48:34:465,0.910,0xFFFA,-6
02:48:34:465,0.920,0x0004,4
02:48:34:465,0.930,0x0002,2
02:48:34:465,0.940,0x0001,1
02:48:34:465,0.950,0x0002,2
02:48:34:465,0.960,0xFFF9,-7
02:48:34:465,0.970,0xFFFC,-4
02:48:34:465,0.980,0xFFF8,-8
02:48:34:465,0.990,0xFFFD,-3
02:48:34:465,1.000,0xFFFD,-3
02:48:34:465,1.010,0x0000,0
02:48:34:465,1.020,0xFFFA,-6
02:48:34:465,1.030,0xFFFB,-5
02:48:34:465,1.040,0xFFFA,-6
02:48:34:465,1.050,0xFFFE,-2
02:48:34:465,1.060,0xFFFD,-3
02:48:34:465,1.070,0xFFF8,-8
02:48:34:465,1.080,0x0000,0
02:48:34:465,1.090,0xFFFA,-6
02:48:34:465,1.100,0xFFFA,-6
02:48:34:465,1.110,0xFFFD,-3
02:48:34:465,1.120,0xFFF9,-7
02:48:34:465,1.130,0xFFFC,-4
02:48:34:465,1.140,0xFFFC,-4
02:48:34:465,1.150,0xFFFA,-6
02:48:34:465,1.160,0xFFFF,-1
02:48:34:465,1.170,0xFFFE,-2
02:48:34:465,1.180,0xFFF7,-9
02:48:34:465,1.190,0xFFF9,-7
02:48:34:465,1.200,0x0003,3
02:48:34:465,1.210,0x0001,1
02:48:34:465,1.220,0xFFF7,-9
02:48:34:465,1.230,0x0001,1
02:48:34:465,1.240,0x0000,0
02:48:34:465,1.250,0xFFF8,-8
02:48:34:465,1.260,0x0001,1
02:48:34:465,1.270,0xFFFB,-5
02:48:34:465,1.280,0xFFFB,-5
02:48:44:139,0.020,0xFFFD,-3
02:48:44:139,0.030,0xFFFE,-2
02:48:44:139,0.040,0xFFF7,-9
02:48:44:139,0.050,0xFFFB,-5
02:48:44:139,0.060,0xFFFD,-3
02:48:44:139,0.070,0xFFFC,-4
02:48:44:139,0.080,0xFFFD,-3
02:48:44:139,0.090,0xFFFD,-3
02:48:44:139,0.100,0x0002,2
02:48:44:139,0.110,0xFFF9,-7
02:48:44:139,0.120,0xFFFC,-4
02:48:44:139,0.130,0xFFFE,-2
02:48:44:139,0.140,0xFFFB,-5
02:48:44:139,0.150,0x0000,0
02:48:44:139,0.160,0xFFFF,-1
02:48:44:139,0.170,0xFFF8,-8
02:48:44:139,0.180,0xFFFD,-3
02:48:44:139,0.190,0xFFFF,-1
02:48:44:139,0.200,0xFFF4,-12
02:48:44:139,0.210,0xFFFF,-1
02:48:44:139,0.220,0xFFF9,-7
02:48:44:139,0.230,0x0004,4
02:48:44:139,0.240,0xFFFA,-6
02:48:44:139,0.250,0xFFFD,-3
02:48:44:139,0.260,0x0005,5
02:48:44:139,0.270,0xFFF8,-8
02:48:44:139,0.280,0xFFFD,-3
02:48:44:139,0.290,0xFFFC,-4
02:48:44:139,0.300,0x0003,3
02:48:44:139,0.310,0x0000,0
02:48:44:139,0.320,0x0000,0
02:48:44:139,0.330,0xFFF7,-9
02:48:44:139,0.340,0xFFFE,-2
02:48:44:139,0.350,0x0000,0
02:48:44:139,0.360,0xFFFB,-5
02:48:44:139,0.370,0xFFFF,-1
02:48:44:139,0.380,0x0006,6
02:48:44:139,0.390,0xFFFF,-1
02:48:44:139,0.400,0x0006,6
02:48:44:139,0.410,0xFFFC,-4
02:48:44:139,0.420,0x0000,0
02:48:44:139,0.430,0xFFF5,-11
02:48:44:139,0.440,0x0001,1
02:48:44:139,0.450,0x0004,4
02:48:44:139,0.460,0xFFFC,-4
02:48:44:139,0.470,0xFFFD,-3
02:48:44:139,0.480,0xFFFE,-2
02:48:44:139,0.490,0xFFFA,-6
02:48:44:139,0.500,0xFFF8,-8
02:48:44:139,0.510,0xFFFF,-1
02:48:44:139,0.520,0xFFF9,-7
02:48:44:139,0.530,0x0000,0
02:48:44:139,0.540,0xFFFB,-5
02:48:44:139,0.550,0xFFFE,-2
02:48:44:139,0.560,0xFFFF,-1
02:48:44:139,0.570,0xFFFD,-3
02:48:44:139,0.580,0x0005,5
02:48:44:139,0.590,0xFFFD,-3
02:48:44:139,0.600,0xFFF9,-7
02:48:44:139,0.610,0xFFFD,-3
02:48:44:139,0.620,0xFFFA,-6
02:48:44:139,0.630,0xFFF8,-8
02:48:44:139,0.640,0xFFFC,-4
02:48:44:139,0.650,0xFFFF,-1
02:48:44:139,0.660,0x0001,1
02:48:44:139,0.670,0xFFFF,-1
02:48:44:139,0.680,0xFFFC,-4
02:48:44:139,0.690,0xFFFF,-1
02:48:44:139,0.700,0xFFFD,-3
02:48:44:139,0.710,0xFFF9,-7
02:48:44:139,0.720,0x0002,2
02:48:44:139,0.730,0xFFFE,-2
02:48:44:139,0.740,0xFFFD,-3
02:48:44:139,0.750,0xFFFF,-1
02:48:44:139,0.760,0x0006,6
02:48:44:139,0.770,0xFFFC,-4
02:48:44:139,0.780,0x0003,3
02:48:44:139,0.790,0xFFFA,-6
02:48:44:139,0.800,0xFFFE,-2
02:48:44:139,0.810,0x0000,0
02:48:44:139,0.820,0x0004,4
02:48:44:139,0.830,0xFFF9,-7
02:48:44:139,0.840,0xFFFE,-2
02:48:44:139,0.850,0xFFF8,-8
02:48:44:139,0.860,0xFFF8,-8
02:48:44:139,0.870,0xFFF5,-11
02:48:44:139,0.880,0xFFFD,-3
02:48:44:139,0.890,0xFFFF,-1
02:48:44:139,0.900,0xFFFE,-2
02:48:44:139,0.910,0xFFFB,-5
02:48:44:139,0.920,0x0001,1
02:48:44:139,0.930,0xFFFB,-5
02:48:44:139,0.940,0x0005,5
02:48:44:139,0.950,0x0003,3
02:48:44:139,0.960,0xFFF8,-8
02:48:44:139,0.970,0x0000,0
02:48:44:139,0.980,0xFFFF,-1
02:48:44:139,0.990,0xFFFD,-3
02:48:44:139,1.000,0xFFFA,-6
02:48:44:139,1.010,0xFFFF,-1
02:48:44:139,1.020,0x0001,1
02:48:44:139,1.030,0x0002,2
02:48:44:139,1.040,0xFFFF,-1
02:48:44:139,1.050,0xFFFC,-4
02:48:44:139,1.060,0xFFFD,-3
02:48:44:139,1.070,0xFFFD,-3
02:48:44:139,1.080,0xFFFB,-5
02:48:44:139,1.090,0xFFFA,-6
02:48:44:139,1.100,0x0004,4
02:48:44:139,1.110,0xFFF4,-12
02:48:44:139,1.120,0xFFFE,-2
02:48:44:139,1.130,0xFFF8,-8
02:48:44:139,1.140,0xFFFF,-1
02:48:44:139,1.150,0x0002,2
02:48:44:139,1.160,0xFFFC,-4
02:48:44:139,1.170,0xFFF7,-9
02:48:44:139,1.180,0xFFF9,-7
02:48:44:139,1.190,0xFFFC,-4
02:48:44:139,1.200,0xFFF9,-7
02:48:44:139,1.210,0x0004,4
02:48:44:139,1.220,0xFFFF,-1
02:48:44:139,1.230,0x0000,0
02:48:44:139,1.240,0xFFFE,-2
02:48:44:139,1.250,0xFFF9,-7
02:48:44:139,1.260,0xFFFC,-4
02:48:44:139,1.270,0xFFFD,-3
02:48:44:139,1.280,0xFFFF,-1
02:48:44:139,1.290,0xFFFB,-5
02:48:56:032,0.030,0x0002,2
02:48:56:032,0.040,0xFFFD,-3
02:48:56:032,0.050,0xFFFF,-1
02:48:56:032,0.060,0xFFF9,-7
02:48:56:032,0.070,0xFFFB,-5
02:48:56:032,0.080,0x0001,1
02:48:56:032,0.090,0xFFFC,-4
02:48:56:032,0.100,0xFFFC,-4
02:48:56:032,0.110,0xFFF9,-7
02:48:56:032,0.120,0xFFFB,-5
02:48:56:032,0.130,0xFFFA,-6
02:48:56:032,0.140,0xFFFD,-3
02:48:56:032,0.150,0xFFFA,-6
02:48:56:032,0.160,0xFFFE,-2
02:48:56:032,0.170,0xFFFA,-6
02:48:56:032,0.180,0xFFF8,-8
02:48:56:032,0.190,0xFFFD,-3
02:48:56:032,0.200,0xFFFE,-2
02:48:56:032,0.210,0x0005,5
02:48:56:032,0.220,0x0005,5
02:48:56:032,0.230,0xFFFF,-1
02:48:56:032,0.240,0x0002,2
02:48:56:032,0.250,0xFFFB,-5
02:48:56:032,0.260,0xFFFD,-3
02:48:56:032,0.270,0xFFFC,-4
02:48:56:032,0.280,0xFFFF,-1
02:48:56:032,0.290,0xFFF5,-11
02:48:56:032,0.300,0x0000,0
02:48:56:032,0.310,0xFFFB,-5
02:48:56:032,0.320,0xFFF9,-7
02:48:56:032,0.330,0xFFFC,-4
02:48:56:032,0.340,0xFFFE,-2
02:48:56:032,0.350,0xFFFE,-2
02:48:56:032,0.360,0xFFFD,-3
02:48:56:032,0.370,0xFFFE,-2
02:48:56:032,0.380,0x0003,3
02:48:56:032,0.390,0xFFFD,-3
02:48:56:032,0.400,0xFFFA,-6
02:48:56:032,0.410,0x0002,2
02:48:56:032,0.420,0xFFFC,-4
02:48:56:032,0.430,0xFFF9,-7
02:48:56:032,0.440,0xFFFD,-3
02:48:56:032,0.450,0xFFFF,-1
02:48:56:032,0.460,0xFFFA,-6
02:48:56:032,0.470,0xFFFB,-5
02:48:56:032,0.480,0xFFFF,-1
02:48:56:032,0.490,0xFFFB,-5
02:48:56:032,0.500,0xFFFB,-5
02:48:56:032,0.510,0xFFFD,-3
02:48:56:032,0.520,0xFFFA,-6
02:48:56:032,0.530,0x0006,6
02:48:56:032,0.540,0xFFF7,-9
02:48:56:032,0.550,0xFFFD,-3
02:48:56:032,0.560,0xFFFB,-5
02:48:56:032,0.570,0x0001,1
02:48:56:032,0.580,0xFFFF,-1
02:48:56:032,0.590,0xFFFE,-2
02:48:56:032,0.600,0xFFFD,-3
02:48:56:032,0.610,0xFFFB,-5
02:48:56:032,0.620,0x0000,0
02:48:56:032,0.630,0xFFFD,-3
02:48:56:032,0.640,0x0000,0
02:48:56:032,0.650,0xFFFC,-4
02:48:56:032,0.660,0xFFFD,-3
02:48:56:032,0.670,0x0004,4
02:48:56:032,0.680,0xFFFD,-3
02:48:56:032,0.690,0x0007,7
02:48:56:032,0.700,0x0002,2
02:48:56:032,0.710,0xFFFD,-3
02:48:56:032,0.720,0x0000,0
02:48:56:032,0.730,0xFFFD,-3
02:48:56:032,0.740,0x0000,0
02:48:56:032,0.750,0xFFFB,-5
02:48:56:032,0.760,0x0003,3
02:48:56:032,0.770,0x0000,0
02:48:56:032,0.780,0xFFF4,-12
02:48:56:032,0.790,0xFFFF,-1
02:48:56:032,0.800,0x0000,0
02:48:56:032,0.810,0xFFFE,-2
02:48:56:032,0.820,0x0002,2
02:48:56:032,0.830,0xFFFE,-2
02:48:56:032,0.840,0xFFF9,-7
02:48:56:032,0.850,0xFFFE,-2
02:48:56:032,0.860,0xFFFD,-3
02:48:56:032,0.870,0xFFFD,-3
02:48:56:032,0.880,0x0000,0
02:48:56:032,0.890,0x0005,5
02:48:56:032,0.900,0xFFFD,-3
02:48:56:032,0.910,0xFFF8,-8
02:48:56:032,0.920,0xFFFF,-1
02:48:56:032,0.930,0xFFFE,-2
02:48:56:032,0.940,0xFFFA,-6
02:48:56:032,0.950,0xFFFA,-6
02:48:56:032,0.960,0xFFFD,-3
02:48:56:032,0.970,0xFFFE,-2
02:48:56:032,0.980,0xFFFA,-6
02:48:56:032,0.990,0x0003,3
02:48:56:032,1.000,0xFFF8,-8
02:48:56:032,1.010,0xFFFB,-5
02:48:56:032,1.020,0xFFFB,-5
02:48:56:032,1.030,0xFFFC,-4
02:48:56:032,1.040,0xFFF7,-9
02:48:56:032,1.050,0xFFF9,-7
02:48:56:032,1.060,0x0001,1
02:48:56:032,1.070,0xFFFD,-3
02:48:56:032,1.080,0xFFFC,-4
02:48:56:032,1.090,0xFFF9,-7
02:48:56:032,1.100,0xFFFB,-5
02:48:56:032,1.110,0xFFFF,-1
02:48:56:032,1.120,0xFFFF,-1
02:48:56:032,1.130,0x0002,2
02:48:56:032,1.140,0xFFFB,-5
02:48:56:032,1.150,0x0001,1
02:48:56:032,1.160,0xFFFB,-5
02:48:56:032,1.170,0xFFFE,-2
02:48:56:032,1.180,0xFFFB,-5
02:48:56:032,1.190,0xFFF9,-7
02:48:56:032,1.200,0xFFFB,-5
02:48:56:032,1.210,0xFFFD,-3
02:48:56:032,1.220,0x0001,1
02:48:56:032,1.230,0xFFFC,-4
02:48:56:032,1.240,0xFFFF,-1
02:48:56:032,1.250,0xFFFD,-3
02:48:56:032,1.260,0xFFFD,-3
02:48:56:032,1.270,0x0002,2
02:48:56:032,1.280,0xFFF7,-9
02:48:56:032,1.290,0xFFFD,-3
02:48:56:032,1.300,0xFFF5,-11
02:49:10:255,0.040,0xFFFA,-6
02:49:10:255,0.050,0xFFFC,-4
02:49:10:255,0.060,0xFFFE,-2
02:49:10:255,0.070,0xFFFD,-3
02:49:10:255,0.080,0x0000,0
02:49:10:255,0.090,0xFFFE,-2
02:49:10:255,0.100,0x0000,0
02:49:10:255,0.110,0xFFFB,-5
02:49:10:255,0.120,0xFFFB,-5
02:49:10:255,0.130,0xFFF9,-7
02:49:10:255,0.140,0xFFF7,-9
02:49:10:255,0.150,0x0000,0
02:49:10:255,0.160,0xFFFA,-6
02:49:10:255,0.170,0xFFFD,-3
02:49:10:255,0.180,0xFFFE,-2
02:49:10:255,0.190,0xFFFB,-5
02:49:10:255,0.200,0x0002,2
02:49:10:255,0.210,0x000A,10
02:49:10:255,0.220,0xFFFE,-2
02:49:10:255,0.230,0xFFFB,-5
02:49:10:255,0.240,0xFFFF,-1
02:49:10:255,0.250,0xFFFD,-3
02:49:10:255,0.260,0xFFFD,-3
02:49:10:255,0.270,0x0001,1
02:49:10:255,0.280,0x0001,1
02:49:10:255,0.290,0xFFFD,-3
02:49:10:255,0.300,0xFFFC,-4
02:49:10:255,0.310,0x0002,2
02:49:10:255,0.320,0x0002,2
02:49:10:255,0.330,0xFFFE,-2
02:49:10:255,0.340,0xFFFD,-3
02:49:10:255,0.350,0x0000,0
02:49:10:255,0.360,0xFFFB,-5
02:49:10:255,0.370,0xFFFB,-5
02:49:10:255,0.380,0xFFF6,-10
02:49:10:255,0.390,0xFFFF,-1
02:49:10:255,0.400,0x0001,1
02:49:10:255,0.410,0x0001,1
02:49:10:255,0.420,0xFFF8,-8
02:49:10:255,0.430,0xFFFE,-2
02:49:10:255,0.440,0xFFFB,-5
02:49:10:255,0.450,0xFFFE,-2
02:49:10:255,0.460,0x0002,2
02:49:10:255,0.470,0xFFFD,-3
02:49:10:255,0.480,0x0002,2
02:49:10:255,0.490,0x0000,0
02:49:10:255,0.500,0xFFFE,-2
02:49:10:255,0.510,0xFFFB,-5
02:49:10:255,0.520,0xFFFB,-5
02:49:10:255,0.530,0x0001,1
02:49:10:255,0.540,0xFFFC,-4
02:49:10:255,0.550,0x0001,1
02:49:10:255,0.560,0x0001,1
02:49:10:255,0.570,0xFFFA,-6
02:49:10:255,0.580,0x0003,3
02:49:10:255,0.590,0xFFFB,-5
02:49:10:255,0.600,0x0002,2
02:49:10:255,0.610,0x0000,0
02:49:10:255,0.620,0xFFFD,-3
02:49:10:255,0.630,0xFFFC,-4
02:49:10:255,0.640,0xFFFE,-2
02:49:10:255,0.650,0x0001,1
02:49:10:255,0.660,0x0004,4
02:49:10:255,0.670,0xFFF8,-8
02:49:10:255,0.680,0xFFFA,-6
02:49:10:255,0.690,0xFFFD,-3
02:49:10:255,0.700,0xFFFC,-4
02:49:10:255,0.710,0x0002,2
02:49:10:255,0.720,0x0002,2
02:49:10:255,0.730,0xFFFF,-1
02:49:10:255,0.740,0xFFFC,-4
02:49:10:255,0.750,0x0001,1
02:49:10:255,0.760,0xFFFC,-4
02:49:10:255,0.770,0xFFFA,-6
02:49:10:255,0.780,0xFFFC,-4
02:49:10:255,0.790,0xFFFD,-3
02:49:10:255,0.800,0xFFFF,-1
02:49:10:255,0.810,0xFFFC,-4
02:49:10:255,0.820,0x0001,1
02:49:10:255,0.830,0xFFFE,-2
02:49:10:255,0.840,0xFFFB,-5
02:49:10:255,0.850,0xFFF6,-10
02:49:10:255,0.860,0xFFFB,-5
02:49:10:255,0.870,0xFFFE,-2
02:49:10:255,0.880,0xFFF9,-7
02:49:10:255,0.890,0xFFF8,-8
02:49:10:255,0.900,0xFFFE,-2
02:49:10:255,0.910,0xFFFA,-6
02:49:10:255,0.920,0xFFFA,-6
02:49:10:255,0.930,0xFFFA,-6
02:49:10:255,0.940,0xFFFC,-4
02:49:10:255,0.950,0xFFFF,-1
02:49:10:255,0.960,0x0003,3
02:49:10:255,0.970,0xFFFC,-4
02:49:10:255,0.980,0xFFFC,-4
02:49:10:255,0.990,0xFFFB,-5
02:49:10:255,1.000,0x0000,0
02:49:10:255,1.010,0x0005,5
02:49:10:255,1.020,0xFFFF,-1
02:49:10:255,1.030,0xFFFE,-2
02:49:10:255,1.040,0x0000,0
02:49:10:255,1.050,0x0002,2
02:49:10:255,1.060,0xFFFF,-1
02:49:10:255,1.070,0x0002,2
02:49:10:255,1.080,0xFFF7,-9
02:49:10:255,1.090,0xFFFC,-4
02:49:10:255,1.100,0x0002,2
02:49:10:255,1.110,0x0003,3
02:49:10:255,1.120,0xFFFA,-6
02:49:10:255,1.130,0x0002,2
02:49:10:255,1.140,0xFFFB,-5
02:49:10:255,1.150,0x0002,2
02:49:10:255,1.160,0xFFFD,-3
02:49:10:255,1.170,0xFFFE,-2
02:49:10:255,1.180,0xFFFD,-3
02:49:10:255,1.190,0xFFFD,-3
02:49:10:255,1.200,0xFFFA,-6
02:49:10:255,1.210,0x0004,4
02:49:10:255,1.220,0xFFFE,-2
02:49:10:255,1.230,0xFFFE,-2
02:49:10:255,1.240,0xFFF9,-7
02:49:10:255,1.250,0xFFF9,-7
02:49:10:255,1.260,0xFFF8,-8
02:49:10:255,1.270,0xFFFC,-4
02:49:10:255,1.280,0xFFFC,-4
02:49:10:255,1.290,0xFFFB,-5
02:49:10:255,1.300,0xFFF8,-8
02:49:10:255,1.310,0x0002,2
02:49:24:415,0.050,0xFFFB,-5
02:49:24:415,0.060,0xFFFF,-1
02:49:24:415,0.070,0xFFF7,-9
02:49:24:415,0.080,0xFFF7,-9
02:49:24:415,0.090,0xFFFA,-6
02:49:24:415,0.100,0xFFFA,-6
02:49:24:415,0.110,0x0000,0
02:49:24:415,0.120,0xFFF7,-9
02:49:24:415,0.130,0xFFFD,-3
02:49:24:415,0.140,0x0002,2
02:49:24:415,0.150,0xFFF5,-11
02:49:24:415,0.160,0xFFFA,-6
02:49:24:415,0.170,0xFFFA,-6
02:49:24:415,0.180,0xFFF7,-9
02:49:24:415,0.190,0xFFF9,-7
02:49:24:415,0.200,0xFFF5,-11
02:49:24:415,0.210,0xFFF8,-8
02:49:24:415,0.220,0xFFF7,-9
02:49:24:415,0.230,0xFFF7,-9
02:49:24:415,0.240,0xFFFF,-1
02:49:24:415,0.250,0xFFF7,-9
02:49:24:415,0.260,0xFFFA,-6
02:49:24:415,0.270,0xFFFE,-2
02:49:24:415,0.280,0xFFFA,-6
02:49:24:415,0.290,0xFFFD,-3
02:49:24:415,0.300,0x0002,2
02:49:24:415,0.310,0xFFFF,-1
02:49:24:415,0.320,0xFFFA,-6
02:49:24:415,0.330,0xFFFC,-4
02:49:24:415,0.340,0xFFFC,-4
02:49:24:415,0.350,0xFFF9,-7
02:49:24:415,0.360,0xFFF3,-13
02:49:24:415,0.370,0xFFFD,-3
02:49:24:415,0.380,0x0007,7
02:49:24:415,0.390,0xFFFE,-2
02:49:24:415,0.400,0xFFF9,-7
02:49:24:415,0.410,0x0003,3
02:49:24:415,0.420,0xFFFE,-2
02:49:24:415,0.430,0xFFFB,-5
02:49:24:415,0.440,0xFFFD,-3
02:49:24:415,0.450,0x0006,6
02:49:24:415,0.460,0xFFFA,-6
02:49:24:415,0.470,0xFFFB,-5
02:49:24:415,0.480,0x0002,2
02:49:24:415,0.490,0xFFFC,-4
02:49:24:415,0.500,0x0002,2
02:49:24:415,0.510,0xFFF9,-7
02:49:24:415,0.520,0xFFF8,-8
02:49:24:415,0.530,0xFFFF,-1
02:49:24:415,0.540,0xFFFF,-1
02:49:24:415,0.550,0xFFFD,-3
02:49:24:415,0.560,0x0005,5
02:49:24:415,0.570,0x0000,0
02:49:24:415,0.580,0x0000,0
02:49:24:415,0.590,0xFFFA,-6
02:49:24:415,0.600,0xFFFC,-4
02:49:24:415,0.610,0xFFFD,-3
02:49:24:415,0.620,0xFFFE,-2
02:49:24:415,0.630,0xFFFF,-1
02:49:24:415,0.640,0xFFFB,-5
02:49:24:415,0.650,0x0002,2
02:49:24:415,0.660,0xFFFB,-5
02:49:24:415,0.670,0xFFFA,-6
02:49:24:415,0.680,0xFFF8,-8
02:49:24:415,0.690,0xFFFC,-4
02:49:24:415,0.700,0xFFFF,-1
02:49:24:415,0.710,0xFFFF,-1
02:49:24:415,0.720,0xFFF6,-10
02:49:24:415,0.730,0xFFFA,-6
02:49:24:415,0.740,0x0002,2
02:49:24:415,0.750,0xFFFD,-3
02:49:24:415,0.760,0xFFFC,-4
02:49:24:415,0.770,0xFFFE,-2
02:49:24:415,0.780,0xFFFE,-2
02:49:24:415,0.790,0xFFFF,-1
02:49:24:415,0.800,0x0001,1
02:49:24:415,0.810,0xFFFC,-4
02:49:24:415,0.820,0xFFF9,-7
02:49:24:415,0.830,0xFFFB,-5
02:49:24:415,0.840,0xFFF7,-9
02:49:24:415,0.850,0xFFFC,-4
02:49:24:415,0.860,0x0001,1
02:49:24:415,0.870,0xFFF9,-7
02:49:24:415,0.880,0xFFF8,-8
02:49:24:415,0.890,0xFFFB,-5
02:49:24:415,0.900,0xFFFA,-6
02:49:24:415,0.910,0x0000,0
02:49:24:415,0.920,0x0000,0
02:49:24:415,0.930,0x0003,3
02:49:24:415,0.940,0xFFFF,-1
02:49:24:415,0.950,0x0002,2
02:49:24:415,0.960,0xFFFB,-5
02:49:24:415,0.970,0x0004,4
02:49:24:415,0.980,0xFFF8,-8
02:49:24:415,0.990,0x0001,1
02:49:24:415,1.000,0x0000,0
02:49:24:415,1.010,0x0001,1
02:49:24:415,1.020,0x0003,3
02:49:24:415,1.030,0xFFF8,-8
02:49:24:415,1.040,0xFFFD,-3
02:49:24:415,1.050,0xFFF9,-7
02:49:24:415,1.060,0xFFFE,-2
02:49:24:415,1.070,0xFFFE,-2
02:49:24:415,1.080,0xFFFB,-5
02:49:24:415,1.090,0xFFFE,-2
02:49:24:415,1.100,0x0004,4
02:49:24:415,1.110,0xFFFF,-1
02:49:24:415,1.120,0xFFF7,-9
02:49:24:415,1.130,0x0000,0
02:49:24:415,1.140,0x0000,0
02:49:24:415,1.150,0xFFFD,-3
02:49:24:415,1.160,0xFFFA,-6
02:49:24:415,1.170,0xFFFC,-4
02:49:24:415,1.180,0xFFFD,-3
02:49:24:415,1.190,0xFFFF,-1
02:49:24:415,1.200,0xFFFB,-5
02:49:24:415,1.210,0x0007,7
02:49:24:415,1.220,0xFFFF,-1
02:49:24:415,1.230,0xFFFA,-6
02:49:24:415,1.240,0xFFFA,-6
02:49:24:415,1.250,0xFFFD,-3
02:49:24:415,1.260,0xFFFA,-6
02:49:24:415,1.270,0xFFFB,-5
02:49:24:415,1.280,0xFFFF,-1
02:49:24:415,1.290,0xFFFB,-5
02:49:24:415,1.300,0xFFFC,-4
02:49:24:415,1.310,0xFFFC,-4
02:49:24:415,1.320,0xFFF9,-7
02:49:44:239,0.060,0xFFFC,-4
02:49:44:239,0.070,0xFFFE,-2
02:49:44:239,0.080,0x0000,0
02:49:44:239,0.090,0xFFFD,-3
02:49:44:239,0.100,0xFFFC,-4
02:49:44:239,0.110,0xFFF9,-7
02:49:44:239,0.120,0xFFFB,-5
02:49:44:239,0.130,0x0000,0
02:49:44:239,0.140,0xFFFF,-1
02:49:44:239,0.150,0xFFFD,-3
02:49:44:239,0.160,0xFFFD,-3
02:49:44:239,0.170,0xFFFE,-2
02:49:44:239,0.180,0x0000,0
02:49:44:239,0.190,0xFFF7,-9
02:49:44:239,0.200,0xFFFD,-3
02:49:44:239,0.210,0xFFFA,-6
02:49:44:239,0.220,0xFFF9,-7
02:49:44:239,0.230,0xFFFF,-1
02:49:44:239,0.240,0x0005,5
02:49:44:239,0.250,0x0003,3
02:49:44:239,0.260,0xFFF8,-8
02:49:44:239,0.270,0xFFFC,-4
02:49:44:239,0.280,0x0003,3
02:49:44:239,0.290,0xFFFD,-3
02:49:44:239,0.300,0xFFFD,-3
02:49:44:239,0.310,0xFFFC,-4
02:49:44:239,0.320,0x0004,4
02:49:44:239,0.330,0xFFF7,-9
02:49:44:239,0.340,0xFFF9,-7
02:49:44:239,0.350,0xFFFD,-3
02:49:44:239,0.360,0x0006,6
02:49:44:239,0.370,0xFFFD,-3
02:49:44:239,0.380,0xFFFB,-5
02:49:44:239,0.390,0xFFFF,-1
02:49:44:239,0.400,0xFFFD,-3
02:49:44:239,0.410,0xFFF9,-7
02:49:44:239,0.420,0xFFF7,-9
02:49:44:239,0.430,0xFFFA,-6
02:49:44:239,0.440,0xFFFD,-3
02:49:44:239,0.450,0xFFFC,-4
02:49:44:239,0.460,0x0003,3
02:49:44:239,0.470,0x0000,0
02:49:44:239,0.480,0xFFFD,-3
02:49:44:239,0.490,0x0001,1
02:49:44:239,0.500,0x0001,1
02:49:44:239,0.510,0xFFFA,-6
02:49:44:239,0.520,0xFFFE,-2
02:49:44:239,0.530,0xFFFD,-3
02:49:44:239,0.540,0x0002,2
02:49:44:239,0.550,0x0003,3
02:49:44:239,0.560,0x0003,3
02:49:44:239,0.570,0x0000,0
02:49:44:239,0.580,0xFFF9,-7
02:49:44:239,0.590,0xFFFF,-1
02:49:44:239,0.600,0xFFFA,-6
02:49:44:239,0.610,0xFFF8,-8
02:49:44:239,0.620,0xFFFA,-6
02:49:44:239,0.630,0xFFFA,-6
02:49:44:239,0.640,0x0002,2
02:49:44:239,0.650,0x0001,1
02:49:44:239,0.660,0xFFFA,-6
02:49:44:239,0.670,0x0002,2
02:49:44:239,0.680,0xFFFD,-3
02:49:44:239,0.690,0xFFFC,-4
02:49:44:239,0.700,0xFFFC,-4
02:49:44:239,0.710,0x0005,5
02:49:44:239,0.720,0xFFFF,-1
02:49:44:239,0.730,0xFFFA,-6
02:49:44:239,0.740,0x0003,3
02:49:44:239,0.750,0xFFFE,-2
02:49:44:239,0.760,0x0004,4
02:49:44:239,0.770,0xFFFD,-3
02:49:44:239,0.780,0xFFFC,-4
02:49:44:239,0.790,0xFFFD,-3
02:49:44:239,0.800,0xFFFC,-4
02:49:44:239,0.810,0xFFFC,-4
02:49:44:239,0.820,0xFFFE,-2
02:49:44:239,0.830,0xFFFF,-1
02:49:44:239,0.840,0xFFFA,-6
02:49:44:239,0.850,0xFFFB,-5
02:49:44:239,0.860,0x0001,1
02:49:44:239,0.870,0xFFFD,-3
02:49:44:239,0.880,0xFFFE,-2
02:49:44:239,0.890,0xFFF7,-9
02:49:44:239,0.900,0xFFFB,-5
02:49:44:239,0.910,0xFFFC,-4
02:49:44:239,0.920,0xFFFC,-4
02:49:44:239,0.930,0xFFFD,-3
02:49:44:239,0.940,0x0002,2
02:49:44:239,0.950,0xFFF9,-7
02:49:44:239,0.960,0x0000,0
02:49:44:239,0.970,0xFFFF,-1
02:49:44:239,0.980,0xFFFC,-4
02:49:44:239,0.990,0xFFFA,-6
02:49:44:239,1.000,0xFFFE,-2
02:49:44:239,1.010,0xFFFC,-4
02:49:44:239,1.020,0x0003,3
02:49:44:239,1.030,0x0000,0
02:49:44:239,1.040,0xFFF7,-9
02:49:44:239,1.050,0xFFFA,-6
02:49:44:239,1.060,0xFFFC,-4
02:49:44:239,1.070,0xFFFE,-2
02:49:44:239,1.080,0x0000,0
02:49:44:239,1.090,0x0001,1
02:49:44:239,1.100,0xFFF8,-8
02:49:44:239,1.110,0xFFF8,-8
02:49:44:239,1.120,0xFFFE,-2
02:49:44:239,1.130,0xFFFD,-3
02:49:44:239,1.140,0xFFF9,-7
02:49:44:239,1.150,0x0001,1
02:49:44:239,1.160,0xFFFD,-3
02:49:44:239,1.170,0x0001,1
02:49:44:239,1.180,0xFFFF,-1
02:49:44:239,1.190,0xFFFD,-3
02:49:44:239,1.200,0xFFFC,-4
02:49:44:239,1.210,0xFFFD,-3
02:49:44:239,1.220,0x0000,0
02:49:44:239,1.230,0xFFFD,-3
02:49:44:239,1.240,0xFFFA,-6
02:49:44:239,1.250,0xFFFC,-4
02:49:44:239,1.260,0xFFF9,-7
02:49:44:239,1.270,0xFFF8,-8
02:49:44:239,1.280,0xFFFD,-3
02:49:44:239,1.290,0xFFF8,-8
02:49:44:239,1.300,0xFFF6,-10
02:49:44:239,1.310,0xFFFF,-1
02:49:44:239,1.320,0xFFFE,-2
02:49:44:239,1.330,0xFFFF,-1
02:50:03:187,0.070,0xFFF9,-7
02:50:03:187,0.080,0x0002,2
02:50:03:187,0.090,0xFFFE,-2
02:50:03:187,0.100,0xFFFB,-5
02:50:03:187,0.110,0x0005,5
02:50:03:187,0.120,0xFFF9,-7
02:50:03:187,0.130,0xFFF9,-7
02:50:03:187,0.140,0xFFF9,-7
02:50:03:187,0.150,0xFFFC,-4
02:50:03:187,0.160,0xFFFB,-5
02:50:03:187,0.170,0x0000,0
02:50:03:187,0.180,0xFFFC,-4
02:50:03:187,0.190,0xFFFD,-3
02:50:03:187,0.200,0xFFF8,-8
02:50:03:187,0.210,0xFFF6,-10
02:50:03:187,0.220,0xFFFA,-6
02:50:03:187,0.230,0xFFF4,-12
02:50:03:187,0.240,0xFFF8,-8
02:50:03:187,0.250,0xFFF9,-7
02:50:03:187,0.260,0xFFD3,-45
02:50:03:187,0.270,0xFFE1,-31
02:50:03:187,0.280,0xFFE5,-27
02:50:03:187,0.290,0xFFB1,-79
02:50:03:187,0.300,0xFFC8,-56
02:50:03:187,0.310,0xFFB4,-76
02:50:03:187,0.320,0xFFB8,-72
02:50:03:187,0.330,0xFFB1,-79
02:50:03:187,0.340,0xFF8F,-113
02:50:03:187,0.350,0xFF72,-142
02:50:03:187,0.360,0xFF67,-153
02:50:03:187,0.370,0xFF66,-154
02:50:03:187,0.380,0xFF5A,-166
02:50:03:187,0.390,0xFF4D,-179
02:50:03:187,0.400,0xFF4E,-178
02:50:03:187,0.410,0xFF44,-188
02:50:03:187,0.420,0xFF4A,-182
02:50:03:187,0.430,0xFF3C,-196
02:50:03:187,0.440,0xFF31,-207
02:50:03:187,0.450,0xFF1E,-226
02:50:03:187,0.460,0xFF26,-218
02:50:03:187,0.470,0xFF2B,-213
02:50:03:187,0.480,0xFF20,-224
02:50:03:187,0.490,0xFF1E,-226
02:50:03:187,0.500,0xFF18,-232
02:50:03:187,0.510,0xFF12,-238
02:50:03:187,0.520,0xFF0D,-243
02:50:03:187,0.530,0xFF0B,-245
02:50:03:187,0.540,0xFF10,-240
02:50:03:187,0.550,0xFF0F,-241
02:50:03:187,0.560,0xFF0B,-245
02:50:03:187,0.570,0xFF0E,-242
02:50:03:187,0.580,0xFF0D,-243
02:50:03:187,0.590,0xFF03,-253
02:50:03:187,0.600,0xFF0E,-242
02:50:03:187,0.610,0xFF12,-238
02:50:03:187,0.620,0xFF12,-238
02:50:03:187,0.630,0xFF21,-223
02:50:03:187,0.640,0xFF35,-203
02:50:03:187,0.650,0xFF40,-192
02:50:03:187,0.660,0xFF57,-169
02:50:03:187,0.670,0xFF69,-151
02:50:03:187,0.680,0xFF87,-121
02:50:03:187,0.690,0xFF9C,-100
02:50:03:187,0.700,0xFF99,-103
02:50:03:187,0.710,0xFF9F,-97
02:50:03:187,0.720,0xFFB7,-73
02:50:03:187,0.730,0xFFD4,-44
02:50:03:187,0.740,0xFFE5,-27
02:50:03:187,0.750,0xFFE5,-27
02:50:03:187,0.760,0xFFBD,-67
02:50:03:187,0.770,0x0048,72
02:50:03:187,0.780,0xFFE2,-30
02:50:03:187,0.790,0x0009,9
02:50:03:187,0.800,0xFFFE,-2
02:50:03:187,0.810,0xFFFC,-4
02:50:03:187,0.820,0xFFFD,-3
02:50:03:187,0.830,0xFFFD,-3
02:50:03:187,0.840,0x0000,0
02:50:03:187,0.850,0xFFFB,-5
02:50:03:187,0.860,0xFFFD,-3
02:50:03:187,0.870,0x0006,6
02:50:03:187,0.880,0xFFFB,-5
02:50:03:187,0.890,0x0001,1
02:50:03:187,0.900,0xFFFE,-2
02:50:03:187,0.910,0xFFFA,-6
02:50:03:187,0.920,0xFFF7,-9
02:50:03:187,0.930,0xFFF9,-7
02:50:03:187,0.940,0xFFFD,-3
02:50:03:187,0.950,0xFFFD,-3
02:50:03:187,0.960,0xFFF6,-10
02:50:03:187,0.970,0xFFFF,-1
02:50:03:187,0.980,0xFFFD,-3
02:50:03:187,0.990,0x0000,0
02:50:03:187,1.000,0xFFFC,-4
02:50:03:187,1.010,0x0003,3
02:50:03:187,1.020,0xFFFD,-3
02:50:03:187,1.030,0xFFFE,-2
02:50:03:187,1.040,0xFFFA,-6
02:50:03:187,1.050,0x0006,6
02:50:03:187,1.060,0xFFFD,-3
02:50:03:187,1.070,0x0001,1
02:50:03:187,1.080,0x0001,1
02:50:03:187,1.090,0xFFF7,-9
02:50:03:187,1.100,0x0001,1
02:50:03:187,1.110,0xFFFD,-3
02:50:03:187,1.120,0xFFFF,-1
02:50:03:187,1.130,0x0003,3
02:50:03:187,1.140,0x0000,0
02:50:03:187,1.150,0x0004,4
02:50:03:187,1.160,0xFFFA,-6
02:50:03:187,1.170,0xFFFC,-4
02:50:03:187,1.180,0xFFF9,-7
02:50:03:187,1.190,0xFFFC,-4
02:50:03:187,1.200,0xFFFA,-6
02:50:03:187,1.210,0xFFFF,-1
02:50:03:187,1.220,0xFFFF,-1
02:50:03:187,1.230,0x0002,2
02:50:03:187,1.240,0xFFFD,-3
02:50:03:187,1.250,0xFFFC,-4
02:50:03:187,1.260,0xFFFB,-5
02:50:03:187,1.270,0xFFF9,-7
02:50:03:187,1.280,0xFFFC,-4
02:50:03:187,1.290,0xFFFC,-4
02:50:03:187,1.300,0xFFFF,-1
02:50:03:187,1.310,0xFFFE,-2
02:50:03:187,1.320,0xFFFA,-6
02:50:03:187,1.330,0xFFF9,-7
02:50:03:187,1.340,0x0000,0
02:50:24:973,0.080,0x0000,0
02:50:24:973,0.090,0xFFFA,-6
02:50:24:973,0.100,0xFFFF,-1
02:50:24:973,0.110,0xFFFA,-6
02:50:24:973,0.120,0x0000,0
02:50:24:973,0.130,0x0001,1
02:50:24:973,0.140,0x0000,0
02:50:24:973,0.150,0xFFF9,-7
02:50:24:973,0.160,0xFFFE,-2
02:50:24:973,0.170,0xFFFC,-4
02:50:24:973,0.180,0xFFFF,-1
02:50:24:973,0.190,0xFFFF,-1
02:50:24:973,0.200,0xFFFD,-3
02:50:24:973,0.210,0xFFFD,-3
02:50:24:973,0.220,0xFFFF,-1
02:50:24:973,0.230,0xFFFC,-4
02:50:24:973,0.240,0x0001,1
02:50:24:973,0.250,0x0001,1
02:50:24:973,0.260,0x0002,2
02:50:24:973,0.270,0xFFF9,-7
02:50:24:973,0.280,0xFFF3,-13
02:50:24:973,0.290,0x0003,3
02:50:24:973,0.300,0x0005,5
02:50:24:973,0.310,0xFFF8,-8
02:50:24:973,0.320,0xFFF7,-9
02:50:24:973,0.330,0xFFFB,-5
02:50:24:973,0.340,0xFFFB,-5
02:50:24:973,0.350,0xFFFC,-4
02:50:24:973,0.360,0xFFF1,-15
02:50:24:973,0.370,0x0002,2
02:50:24:973,0.380,0xFFFA,-6
02:50:24:973,0.390,0x000A,10
02:50:24:973,0.400,0xFFF0,-16
02:50:24:973,0.410,0xFFEA,-22
02:50:24:973,0.420,0xFFE7,-25
02:50:24:973,0.430,0xFFF8,-8
02:50:24:973,0.440,0xFFFE,-2
02:50:24:973,0.450,0xFFE1,-31
02:50:24:973,0.460,0x0009,9
02:50:24:973,0.470,0xFFE9,-23
02:50:24:973,0.480,0xFFED,-19
02:50:24:973,0.490,0xFFD6,-42
02:50:24:973,0.500,0xFFEF,-17
02:50:24:973,0.510,0xFFEA,-22
02:50:24:973,0.520,0xFFFD,-3
02:50:24:973,0.530,0x0001,1
02:50:24:973,0.540,0x0013,19
02:50:24:973,0.550,0x0006,6
02:50:24:973,0.560,0xFFEB,-21
02:50:24:973,0.570,0xFFF7,-9
02:50:24:973,0.580,0xFFFA,-6
02:50:24:973,0.590,0xFFEA,-22
02:50:24:973,0.600,0xFFFC,-4
02:50:24:973,0.610,0xFFEE,-18
02:50:24:973,0.620,0xFFDF,-33
02:50:24:973,0.630,0xFFEE,-18
02:50:24:973,0.640,0xFFF1,-15
02:50:24:973,0.650,0xFFF5,-11
02:50:24:973,0.660,0xFFF5,-11
02:50:24:973,0.670,0xFFEE,-18
02:50:24:973,0.680,0xFFF1,-15
02:50:24:973,0.690,0xFFF7,-9
02:50:24:973,0.700,0xFFF4,-12
02:50:24:973,0.710,0xFFED,-19
02:50:24:973,0.720,0xFFF4,-12
02:50:24:973,0.730,0xFFF3,-13
02:50:24:973,0.740,0xFFF6,-10
02:50:24:973,0.750,0xFFEE,-18
02:50:24:973,0.760,0xFFEE,-18
02:50:24:973,0.770,0xFFF2,-14
02:50:24:973,0.780,0xFFF2,-14
02:50:24:973,0.790,0xFFF0,-16
02:50:24:973,0.800,0xFFEE,-18
02:50:24:973,0.810,0xFFF3,-13
02:50:24:973,0.820,0xFFEE,-18
02:50:24:973,0.830,0xFFF2,-14
02:50:24:973,0.840,0xFFED,-19
02:50:24:973,0.850,0xFFED,-19
02:50:24:973,0.860,0x0004,4
02:50:24:973,0.870,0xFFEC,-20
02:50:24:973,0.880,0xFFEC,-20
02:50:24:973,0.890,0xFFF2,-14
02:50:24:973,0.900,0xFFF8,-8
02:50:24:973,0.910,0xFFF7,-9
02:50:24:973,0.920,0xFFF7,-9
02:50:24:973,0.930,0xFFF7,-9
02:50:24:973,0.940,0xFFF5,-11
02:50:24:973,0.950,0xFFF0,-16
02:50:24:973,0.960,0xFFEE,-18
02:50:24:973,0.970,0xFFF0,-16
02:50:24:973,0.980,0xFFEC,-20
02:50:24:973,0.990,0xFFE7,-25
02:50:24:973,1.000,0xFFF0,-16
02:50:24:973,1.010,0xFFE7,-25
02:50:24:973,1.020,0xFFF0,-16
02:50:24:973,1.030,0xFFEE,-18
02:50:24:973,1.040,0xFFEC,-20
02:50:24:973,1.050,0xFFF0,-16
02:50:24:973,1.060,0xFFED,-19
02:50:24:973,1.070,0xFFFA,-6
02:50:24:973,1.080,0xFFFB,-5
02:50:24:973,1.090,0x0041,65
02:50:24:973,1.100,0x001C,28
02:50:24:973,1.110,0x0000,0
02:50:24:973,1.120,0x0002,2
02:50:24:973,1.130,0x0002,2
02:50:24:973,1.140,0xFFFD,-3
02:50:24:973,1.150,0x0004,4
02:50:24:973,1.160,0xFFFF,-1
02:50:24:973,1.170,0x0000,0
02:50:24:973,1.180,0x0001,1
02:50:24:973,1.190,0xFFF6,-10
02:50:24:973,1.200,0xFFF9,-7
02:50:24:973,1.210,0xFFF2,-14
02:50:24:973,1.220,0xFFFE,-2
02:50:24:973,1.230,0xFFF7,-9
02:50:24:973,1.240,0x0002,2
02:50:24:973,1.250,0xFFFE,-2
02:50:24:973,1.260,0xFFFA,-6
02:50:24:973,1.270,0xFFFD,-3
02:50:24:973,1.280,0xFFFD,-3
02:50:24:973,1.290,0xFFFB,-5
02:50:24:973,1.300,0xFFF6,-10
02:50:24:973,1.310,0x0000,0
02:50:24:973,1.320,0x0002,2
02:50:24:973,1.330,0x0000,0
02:50:24:973,1.340,0xFFFC,-4
02:50:24:973,1.350,0x0001,1
02:50:42:028,0.090,0xFFFF,-1
02:50:42:028,0.100,0xFFFA,-6
02:50:42:028,0.110,0x0000,0
02:50:42:028,0.120,0xFFFB,-5
02:50:42:028,0.130,0x0001,1
02:50:42:028,0.140,0xFFFE,-2
02:50:42:028,0.150,0x0000,0
02:50:42:028,0.160,0xFFFC,-4
02:50:42:028,0.170,0x0001,1
02:50:42:028,0.180,0xFFF6,-10
02:50:42:028,0.190,0xFFF9,-7
02:50:42:028,0.200,0xFFF9,-7
02:50:42:028,0.210,0xFFF9,-7
02:50:42:028,0.220,0xFFF3,-13
02:50:42:028,0.230,0x0001,1
02:50:42:028,0.240,0xFFF8,-8
02:50:42:028,0.250,0x0000,0
02:50:42:028,0.260,0xFFFA,-6
02:50:42:028,0.270,0x0004,4
02:50:42:028,0.280,0xFFF9,-7
02:50:42:028,0.290,0xFFF7,-9
02:50:42:028,0.300,0xFFF5,-11
02:50:42:028,0.310,0xFFFF,-1
02:50:42:028,0.320,0xFFFB,-5
02:50:42:028,0.330,0xFFFB,-5
02:50:42:028,0.340,0x000B,11
02:50:42:028,0.350,0xFFF0,-16
02:50:42:028,0.360,0xFFF5,-11
02:50:42:028,0.370,0xFFFC,-4
02:50:42:028,0.380,0x0005,5
02:50:42:028,0.390,0x0007,7
02:50:42:028,0.400,0x0020,32
02:50:42:028,0.410,0xFFEF,-17
02:50:42:028,0.420,0x001A,26
02:50:42:028,0.430,0x0052,82
02:50:42:028,0.440,0x005C,92
02:50:42:028,0.450,0x0048,72
02:50:42:028,0.460,0x0033,51
02:50:42:028,0.470,0x0034,52
02:50:42:028,0.480,0x006C,108
02:50:42:028,0.490,0x0079,121
02:50:42:028,0.500,0x0056,86
02:50:42:028,0.510,0x0028,40
02:50:42:028,0.520,0x005F,95
02:50:42:028,0.530,0x0069,105
02:50:42:028,0.540,0x0064,100
02:50:42:028,0.550,0x007C,124
02:50:42:028,0.560,0x006B,107
02:50:42:028,0.570,0x0084,132
02:50:42:028,0.580,0x0089,137
02:50:42:028,0.590,0x0078,120
02:50:42:028,0.600,0x00A7,167
02:50:42:028,0.610,0x00EA,234
02:50:42:028,0.620,0x00FC,252
02:50:42:028,0.630,0x00F2,242
02:50:42:028,0.640,0x00C9,201
02:50:42:028,0.650,0x00C4,196
02:50:42:028,0.660,0x00DC,220
02:50:42:028,0.670,0x00C6,198
02:50:42:028,0.680,0x00A4,164
02:50:42:028,0.690,0x007F,127
02:50:42:028,0.700,0x00B0,176
02:50:42:028,0.710,0x00F5,245
02:50:42:028,0.720,0x0101,257
02:50:42:028,0.730,0x00E2,226
02:50:42:028,0.740,0x00E7,231
02:50:42:028,0.750,0x00FB,251
02:50:42:028,0.760,0x00FE,254
02:50:42:028,0.770,0x010F,271
02:50:42:028,0.780,0x0116,278
02:50:42:028,0.790,0x0114,276
02:50:42:028,0.800,0x00EB,235
02:50:42:028,0.810,0x00E0,224
02:50:42:028,0.820,0x00F7,247
02:50:42:028,0.830,0x0123,291
02:50:42:028,0.840,0x0116,278
02:50:42:028,0.850,0x00FE,254
02:50:42:028,0.860,0x00F6,246
02:50:42:028,0.870,0x0117,279
02:50:42:028,0.880,0x011B,283
02:50:42:028,0.890,0x011B,283
02:50:42:028,0.900,0x011B,283
02:50:42:028,0.910,0x011C,284
02:50:42:028,0.920,0x011A,282
02:50:42:028,0.930,0x011A,282
02:50:42:028,0.940,0x011A,282
02:50:42:028,0.950,0x011D,285
02:50:42:028,0.960,0x0114,276
02:50:42:028,0.970,0x011C,284
02:50:42:028,0.980,0x011F,287
02:50:42:028,0.990,0x0110,272
02:50:42:028,1.000,0x010C,268
02:50:42:028,1.010,0x0108,264
02:50:42:028,1.020,0x00E1,225
02:50:42:028,1.030,0x00C4,196
02:50:42:028,1.040,0x00D9,217
02:50:42:028,1.050,0x00C3,195
02:50:42:028,1.060,0x008B,139
02:50:42:028,1.070,0x0079,121
02:50:42:028,1.080,0x008E,142
02:50:42:028,1.090,0x00C3,195
02:50:42:028,1.100,0x00CA,202
02:50:42:028,1.110,0x00CD,205
02:50:42:028,1.120,0x0082,130
02:50:42:028,1.130,0x00B1,177
02:50:42:028,1.140,0x0079,121
02:50:42:028,1.150,0x0045,69
02:50:42:028,1.160,0x0024,36
02:50:42:028,1.170,0x0012,18
02:50:42:028,1.180,0x0000,0
02:50:42:028,1.190,0xFFEB,-21
02:50:42:028,1.200,0x0003,3
02:50:42:028,1.210,0xFFEC,-20
02:50:42:028,1.220,0xFFFF,-1
02:50:42:028,1.230,0xFFFC,-4
02:50:42:028,1.240,0xFFF6,-10
02:50:42:028,1.250,0xFFF6,-10
02:50:42:028,1.260,0xFFFC,-4
02:50:42:028,1.270,0xFFFC,-4
02:50:42:028,1.280,0xFFF8,-8
02:50:42:028,1.290,0xFFFA,-6
02:50:42:028,1.300,0xFFFC,-4
02:50:42:028,1.310,0xFFFA,-6
02:50:42:028,1.320,0xFFFE,-2
02:50:42:028,1.330,0x0001,1
02:50:42:028,1.340,0xFFFC,-4
02:50:42:028,1.350,0xFFF8,-8
02:50:42:028,1.360,0xFFFE,-2
02:51:10:344,0.100,0xFFF8,-8
02:51:10:344,0.110,0xFFFA,-6
02:51:10:344,0.120,0xFFFF,-1
02:51:10:344,0.130,0xFFFD,-3
02:51:10:344,0.140,0xFFF5,-11
02:51:10:344,0.150,0xFFFC,-4
02:51:10:344,0.160,0x0001,1
02:51:10:344,0.170,0xFFF5,-11
02:51:10:344,0.180,0x0008,8
02:51:10:344,0.190,0x0001,1
02:51:10:344,0.200,0xFFFF,-1
02:51:10:344,0.210,0x0000,0
02:51:10:344,0.220,0xFFF5,-11
02:51:10:344,0.230,0x0000,0
02:51:10:344,0.240,0xFFFB,-5
02:51:10:344,0.250,0xFFFC,-4
02:51:10:344,0.260,0xFFF7,-9
02:51:10:344,0.270,0xFFF8,-8
02:51:10:344,0.280,0xFFFF,-1
02:51:10:344,0.290,0xFFFD,-3
02:51:10:344,0.300,0xFFFA,-6
02:51:10:344,0.310,0x0001,1
02:51:10:344,0.320,0xFFFD,-3
02:51:10:344,0.330,0xFFEB,-21
02:51:10:344,0.340,0xFFFF,-1
02:51:10:344,0.350,0xFFF4,-12
02:51:10:344,0.360,0xFFE7,-25
02:51:10:344,0.370,0xFFF7,-9
02:51:10:344,0.380,0xFFE9,-23
02:51:10:344,0.390,0xFFF4,-12
02:51:10:344,0.400,0x0004,4
02:51:10:344,0.410,0xFFE8,-24
02:51:10:344,0.420,0xFFF4,-12
02:51:10:344,0.430,0xFFEE,-18
02:51:10:344,0.440,0xFFEA,-22
02:51:10:344,0.450,0xFFED,-19
02:51:10:344,0.460,0xFFFB,-5
02:51:10:344,0.470,0xFFFE,-2
02:51:10:344,0.480,0xFFF0,-16
02:51:10:344,0.490,0xFFF3,-13
02:51:10:344,0.500,0xFFF1,-15
02:51:10:344,0.510,0xFFE6,-26
02:51:10:344,0.520,0xFFEA,-22
02:51:10:344,0.530,0xFFFD,-3
02:51:10:344,0.540,0xFFF9,-7
02:51:10:344,0.550,0xFFEE,-18
02:51:10:344,0.560,0xFFED,-19
02:51:10:344,0.570,0xFFF3,-13
02:51:10:344,0.580,0xFFDA,-38
02:51:10:344,0.590,0x000B,11
02:51:10:344,0.600,0xFFF0,-16
02:51:10:344,0.610,0xFFEC,-20
02:51:10:344,0.620,0xFFF3,-13
02:51:10:344,0.630,0xFFF3,-13
02:51:10:344,0.640,0xFFF5,-11
02:51:10:344,0.650,0xFFF3,-13
02:51:10:344,0.660,0xFFF6,-10
02:51:10:344,0.670,0xFFF4,-12
02:51:10:344,0.680,0xFFEB,-21
02:51:10:344,0.690,0xFFF6,-10
02:51:10:344,0.700,0xFFF9,-7
02:51:10:344,0.710,0xFFEF,-17
02:51:10:344,0.720,0xFFF2,-14
02:51:10:344,0.730,0xFFEE,-18
02:51:10:344,0.740,0xFFEE,-18
02:51:10:344,0.750,0xFFF4,-12
02:51:10:344,0.760,0xFFE5,-27
02:51:10:344,0.770,0xFFEC,-20
02:51:10:344,0.780,0xFFEE,-18
02:51:10:344,0.790,0xFFF2,-14
02:51:10:344,0.800,0xFFEF,-17
02:51:10:344,0.810,0xFFF1,-15
02:51:10:344,0.820,0xFFEF,-17
02:51:10:344,0.830,0xFFED,-19
02:51:10:344,0.840,0xFFF1,-15
02:51:10:344,0.850,0xFFEE,-18
02:51:10:344,0.860,0xFFEF,-17
02:51:10:344,0.870,0xFFF1,-15
02:51:10:344,0.880,0xFFEF,-17
02:51:10:344,0.890,0xFFF1,-15
02:51:10:344,0.900,0xFFF0,-16
02:51:10:344,0.910,0xFFF1,-15
02:51:10:344,0.920,0xFFF2,-14
02:51:10:344,0.930,0xFFF5,-11
02:51:10:344,0.940,0xFFF7,-9
02:51:10:344,0.950,0xFFED,-19
02:51:10:344,0.960,0xFFF0,-16
02:51:10:344,0.970,0xFFF0,-16
02:51:10:344,0.980,0xFFF0,-16
02:51:10:344,0.990,0xFFF6,-10
02:51:10:344,1.000,0xFFEB,-21
02:51:10:344,1.010,0xFFE9,-23
02:51:10:344,1.020,0xFFF2,-14
02:51:10:344,1.030,0xFFF2,-14
02:51:10:344,1.040,0xFFEE,-18
02:51:10:344,1.050,0xFFF0,-16
02:51:10:344,1.060,0xFFF1,-15
02:51:10:344,1.070,0xFFF5,-11
02:51:10:344,1.080,0xFFF2,-14
02:51:10:344,1.090,0xFFEA,-22
02:51:10:344,1.100,0xFFEA,-22
02:51:10:344,1.110,0xFFED,-19
02:51:10:344,1.120,0xFFEF,-17
02:51:10:344,1.130,0xFFF4,-12
02:51:10:344,1.140,0xFFF5,-11
02:51:10:344,1.150,0xFFF0,-16
02:51:10:344,1.160,0xFFEF,-17
02:51:10:344,1.170,0xFFFA,-6
02:51:10:344,1.180,0xFFF7,-9
02:51:10:344,1.190,0xFFF3,-13
02:51:10:344,1.200,0xFFEA,-22
02:51:10:344,1.210,0xFFEB,-21
02:51:10:344,1.220,0xFFFB,-5
02:51:10:344,1.230,0x0007,7
02:51:10:344,1.240,0xFFDF,-33
02:51:10:344,1.250,0xFFEC,-20
02:51:10:344,1.260,0xFFED,-19
02:51:10:344,1.270,0xFFDF,-33
02:51:10:344,1.280,0xFFEC,-20
02:51:10:344,1.290,0xFFE5,-27
02:51:10:344,1.300,0xFFE3,-29
02:51:10:344,1.310,0xFFDC,-36
02:51:10:344,1.320,0x0027,39
02:51:10:344,1.330,0x008D,141
02:51:10:344,1.340,0xFFC5,-59
02:51:10:344,1.350,0xFFEB,-21
02:51:10:344,1.360,0xFFF9,-7
02:51:10:344,1.370,0xFFF4,-12
02:51:31:170,0.110,0xFFE9,-23
02:51:31:170,0.120,0xFFF6,-10
02:51:31:170,0.130,0xFFEE,-18
02:51:31:170,0.140,0xFFF1,-15
02:51:31:170,0.150,0xFFF8,-8
02:51:31:170,0.160,0xFFF2,-14
02:51:31:170,0.170,0xFFF4,-12
02:51:31:170,0.180,0xFFFE,-2
02:51:31:170,0.190,0x0010,16
02:51:31:170,0.200,0xFFF0,-16
02:51:31:170,0.210,0xFFFC,-4
02:51:31:170,0.220,0xFFF4,-12
02:51:31:170,0.230,0xFFFB,-5
02:51:31:170,0.240,0xFFF9,-7
02:51:31:170,0.250,0xFFFA,-6
02:51:31:170,0.260,0x0000,0
02:51:31:170,0.270,0xFFF8,-8
02:51:31:170,0.280,0xFFFB,-5
02:51:31:170,0.290,0xFFFE,-2
02:51:31:170,0.300,0xFFFB,-5
02:51:31:170,0.310,0xFFFC,-4
02:51:31:170,0.320,0xFFFC,-4
02:51:31:170,0.330,0x0002,2
02:51:31:170,0.340,0xFFF9,-7
02:51:31:170,0.350,0xFFFB,-5
02:51:31:170,0.360,0xFFF9,-7
02:51:31:170,0.370,0xFFFE,-2
02:51:31:170,0.380,0xFFFA,-6
02:51:31:170,0.390,0xFFF9,-7
02:51:31:170,0.400,0xFFFE,-2
02:51:31:170,0.410,0xFFF6,-10
02:51:31:170,0.420,0xFFFC,-4
02:51:31:170,0.430,0x0001,1
02:51:31:170,0.440,0x0000,0
02:51:31:170,0.450,0xFFF8,-8
02:51:31:170,0.460,0xFFFB,-5
02:51:31:170,0.470,0xFFFB,-5
02:51:31:170,0.480,0xFFFA,-6
02:51:31:170,0.490,0xFFFC,-4
02:51:31:170,0.500,0xFFF9,-7
02:51:31:170,0.510,0xFFFA,-6
02:51:31:170,0.520,0xFFFC,-4
02:51:31:170,0.530,0xFFFB,-5
02:51:31:170,0.540,0xFFFE,-2
02:51:31:170,0.550,0xFFFD,-3
02:51:31:170,0.560,0xFFFC,-4
02:51:31:170,0.570,0xFFFD,-3
02:51:31:170,0.580,0xFFFE,-2
02:51:31:170,0.590,0xFFFA,-6
02:51:31:170,0.600,0xFFF9,-7
02:51:31:170,0.610,0x0001,1
02:51:31:170,0.620,0xFFFA,-6
02:51:31:170,0.630,0xFFFA,-6
02:51:31:170,0.640,0xFFFC,-4
02:51:31:170,0.650,0xFFF7,-9
02:51:31:170,0.660,0xFFFC,-4
02:51:31:170,0.670,0xFFFC,-4
02:51:31:170,0.680,0xFFF7,-9
02:51:31:170,0.690,0x0000,0
02:51:31:170,0.700,0xFFF9,-7
02:51:31:170,0.710,0x0000,0
02:51:31:170,0.720,0x0000,0
02:51:31:170,0.730,0xFFFC,-4
02:51:31:170,0.740,0x0002,2
02:51:31:170,0.750,0xFFFF,-1
02:51:31:170,0.760,0xFFF8,-8
02:51:31:170,0.770,0xFFF6,-10
02:51:31:170,0.780,0xFFF9,-7
02:51:31:170,0.790,0xFFFD,-3
02:51:31:170,0.800,0xFFF8,-8
02:51:31:170,0.810,0x0001,1
02:51:31:170,0.820,0xFFFA,-6
02:51:31:170,0.830,0xFFFD,-3
02:51:31:170,0.840,0xFFFF,-1
02:51:31:170,0.850,0xFFFC,-4
02:51:31:170,0.860,0x0001,1
02:51:31:170,0.870,0x0002,2
02:51:31:170,0.880,0xFFF7,-9
02:51:31:170,0.890,0xFFF8,-8
02:51:31:170,0.900,0xFFFB,-5
02:51:31:170,0.910,0x0001,1
02:51:31:170,0.920,0xFFFA,-6
02:51:31:170,0.930,0xFFFF,-1
02:51:31:170,0.940,0xFFFC,-4
02:51:31:170,0.950,0xFFFB,-5
02:51:31:170,0.960,0xFFFA,-6
02:51:31:170,0.970,0xFFFA,-6
02:51:31:170,0.980,0xFFFA,-6
02:51:31:170,0.990,0xFFF6,-10
02:51:31:170,1.000,0xFFFE,-2
02:51:31:170,1.010,0xFFFB,-5
02:51:31:170,1.020,0xFFF4,-12
02:51:31:170,1.030,0xFFFF,-1
02:51:31:170,1.040,0xFFFA,-6
02:51:31:170,1.050,0x0008,8
02:51:31:170,1.060,0xFFFD,-3
02:51:31:170,1.070,0xFFFE,-2
02:51:31:170,1.080,0xFFF8,-8
02:51:31:170,1.090,0x0000,0
02:51:31:170,1.100,0xFFF8,-8
02:51:31:170,1.110,0x0000,0
02:51:31:170,1.120,0x0001,1
02:51:31:170,1.130,0xFFF8,-8
02:51:31:170,1.140,0xFFF6,-10
02:51:31:170,1.150,0xFFF9,-7
02:51:31:170,1.160,0x0003,3
02:51:31:170,1.170,0xFFFD,-3
02:51:31:170,1.180,0x0002,2
02:51:31:170,1.190,0x0001,1
02:51:31:170,1.200,0xFFF8,-8
02:51:31:170,1.210,0xFFF9,-7
02:51:31:170,1.220,0x0003,3
02:51:31:170,1.230,0xFFFF,-1
02:51:31:170,1.240,0xFFFD,-3
02:51:31:170,1.250,0xFFFE,-2
02:51:31:170,1.260,0xFFFC,-4
02:51:31:170,1.270,0xFFFE,-2
02:51:31:170,1.280,0xFFFF,-1
02:51:31:170,1.290,0xFFFD,-3
02:51:31:170,1.300,0xFFFA,-6
02:51:31:170,1.310,0xFFF6,-10
02:51:31:170,1.320,0xFFFD,-3
02:51:31:170,1.330,0x0000,0
02:51:31:170,1.340,0xFFF9,-7
02:51:31:170,1.350,0xFFF4,-12
02:51:31:170,1.360,0xFFFD,-3
02:51:31:170,1.370,0xFFF9,-7
02:51:31:170,1.380,0xFFFD,-3
02:51:46:951,0.120,0xFFF8,-8
02:51:46:951,0.130,0xFFF8,-8
02:51:46:951,0.140,0xFFFF,-1
02:51:46:951,0.150,0xFFFD,-3
02:51:46:951,0.160,0x0000,0
02:51:46:951,0.170,0xFFF9,-7
02:51:46:951,0.180,0xFFF7,-9
02:51:46:951,0.190,0xFFFB,-5
02:51:46:951,0.200,0xFFFB,-5
02:51:46:951,0.210,0xFFF9,-7
02:51:46:951,0.220,0xFFFB,-5
02:51:46:951,0.230,0xFFFB,-5
02:51:46:951,0.240,0x0000,0
02:51:46:951,0.250,0x0005,5
02:51:46:951,0.260,0xFFFB,-5
02:51:46:951,0.270,0xFFF9,-7
02:51:46:951,0.280,0xFFF6,-10
02:51:46:951,0.290,0x0000,0
02:51:46:951,0.300,0xFFFA,-6
02:51:46:951,0.310,0xFFFE,-2
02:51:46:951,0.320,0xFFF5,-11
02:51:46:951,0.330,0x0006,6
02:51:46:951,0.340,0xFFFA,-6
02:51:46:951,0.350,0xFFFC,-4
02:51:46:951,0.360,0x0001,1
02:51:46:951,0.370,0xFFF9,-7
02:51:46:951,0.380,0xFFFA,-6
02:51:46:951,0.390,0xFFF8,-8
02:51:46:951,0.400,0xFFF8,-8
02:51:46:951,0.410,0xFFF9,-7
02:51:46:951,0.420,0x0002,2
02:51:46:951,0.430,0xFFF8,-8
02:51:46:951,0.440,0xFFFE,-2
02:51:46:951,0.450,0xFFFD,-3
02:51:46:951,0.460,0xFFFC,-4
02:51:46:951,0.470,0xFFFB,-5
02:51:46:951,0.480,0xFFF9,-7
02:51:46:951,0.490,0xFFFD,-3
02:51:46:951,0.500,0xFFFB,-5
02:51:46:951,0.510,0xFFF9,-7
02:51:46:951,0.520,0xFFFB,-5
02:51:46:951,0.530,0xFFFF,-1
02:51:46:951,0.540,0xFFFC,-4
02:51:46:951,0.550,0xFFFB,-5
02:51:46:951,0.560,0xFFF9,-7
02:51:46:951,0.570,0xFFFF,-1
02:51:46:951,0.580,0x0000,0
02:51:46:951,0.590,0xFFF7,-9
02:51:46:951,0.600,0xFFF7,-9
02:51:46:951,0.610,0xFFFB,-5
02:51:46:951,0.620,0xFFF9,-7
02:51:46:951,0.630,0xFFFF,-1
02:51:46:951,0.640,0xFFFA,-6
